titulo,endereco,condominio,area,banheiros,suite,vagasEstacionamento,preco
"Apartamento com 3 Quartos e 3 banheiros à Venda, 80 m² por R$ 730.000","Avenida Deputado Antônio Florêncio de Queiroz, 3335 - Ponta Negra, Natal - RN",R$ 650,80m²,3 banheiros     ,1 suíte,2 vagas,R$ 730.000
Alto da Boa Vista,"Rua Princesa Isabel, 816 - Cidade Alta, Natal - RN",,71m²,3 banheiros     ,1 suíte,2 vagas,R$ 340.000
"Apartamento com 2 Quartos e 2 banheiros à Venda, 60 m² por R$ 315.000","Rua Vereador Manoel Sátiro, 248 - Ponta Negra, Natal - RN",R$ 630,60m²,2 banheiros     ,1 suíte,1 vaga,R$ 315.000
"Apartamento com 3 Quartos e 4 banheiros à Venda, 94 m² por R$ 730.000","Avenida das Conchas, 2179 - Ponta Negra, Natal - RN",R$ 742,94m²,4 banheiros     ,3 suítes,2 vagas,R$ 730.000
"Apartamento com 3 Quartos e 4 banheiros à Venda, 145 m² por R$ 1.450.000","Rua Ceará Mirim, 1140 - Tirol, Natal - RN",R$ 1.101,145m²,4 banheiros     ,3 suítes,3 vagas,R$ 1.450.000
"Apartamento com 2 Quartos e 2 banheiros à Venda, 54 m² por R$ 250.000","Rua Doutor Múcio Galvão, 487 - Barro Vermelho, Natal - RN",R$ 510,54m²,2 banheiros     ,1 suíte,1 vaga,R$ 250.000
"Apartamento com 3 Quartos e 3 banheiros à Venda, 98 m² por R$ 640.000","Avenida Almirante Alexandrino de Alencar, 1320 - Tirol, Natal - RN",R$ 790,98m²,3 banheiros     ,1 suíte,2 vagas,R$ 640.000
"Cobertura com 3 Quartos e 6 banheiros à Venda, 271 m² por R$ 1.999.999","Rua Joaquim Fabrício, 233 - Petrópolis, Natal - RN",R$ 1.900,271m²,6 banheiros     ,3 suítes,3 vagas,R$ 1.999.999
Residencial Rosalía,"Rua Desembargador Carlos Augusto, 293 - Lagoa Nova, Natal - RN",,110m²,4 banheiros     ,3 suítes,2 vagas,R$ 773.000
"Casa com 3 Quartos e 4 banheiros à Venda, 214 m² por R$ 650.000","Rua Bacharel Francisco Menezes de Melo, 03 - Capim Macio, Natal - RN",,214m²,4 banheiros     ,1 suíte,2 vagas,R$ 650.000
"Apartamento com 4 Quartos e 6 banheiros à Venda, 260 m² por R$ 875.000","Rua Otávio Lamartine, 441 - Petrópolis, Natal - RN",R$ 2.100,260m²,6 banheiros     ,4 suítes,4 vagas,R$ 875.000
"Apartamento com 3 Quartos e 2 banheiros à Venda, 86 m² por R$ 300.000","Avenida Bernardo Vieira, 4114 - Lagoa Nova, Natal - RN",R$ 565,86m²,2 banheiros     ,1 suíte,1 vaga,R$ 300.000
"Flat com 2 Quartos e 1 banheiro à Venda, 52 m² por R$ 280.000","Rua das Algas, 2151 - Ponta Negra, Natal - RN",R$ 600,52m²,1 banheiro,,Não informado Solicitar,R$ 280.000
"Apartamento com 4 Quartos e 4 banheiros à Venda, 220 m² por R$ 678.000","Avenida Almirante Alexandrino de Alencar, 1354 - Tirol, Natal - RN",R$ 1.300,220m²,4 banheiros     ,2 suítes,2 vagas,R$ 678.000
"Casa com 3 Quartos e 2 banheiros à Venda, 149 m² por R$ 240.000","Travessa General Varela, 331 - CENTRO, Natal - RN",,149m²,2 banheiros     ,1 suíte,Não informado Solicitar,R$ 240.000
Norte Plaza Residencial,"Avenida Moema Tinoco da Cunha Lima, 885 - Pajuçara, Natal - RN",,41 a 44m²,1 banheiro,,1 vaga,R$ 151.490
"Imóvel Comercial com 25 Quartos e 20 banheiros à Venda, 736 m² por R$ 2.000.000","Rua Doutor Manoel Augusto Bezerra de Araújo, 180 - Ponta Negra, Natal - RN",,736m²,20 banheiros     ,15 suítes,Não informado Solicitar,R$ 2.000.000
"Cobertura com 2 Quartos e 2 banheiros à Venda, 114 m² por R$ 500.000","Rua Praia de Santa Rita, 2122 - Ponta Negra, Natal - RN",R$ 688,114m²,2 banheiros     ,1 suíte,1 vaga,R$ 500.000
"Casa com 7 Quartos e 8 banheiros à Venda, 600 m² por R$ 930.000","Rua Nova Redinha, 210 - Redinha, Natal - RN",,600m²,8 banheiros     ,3 suítes,8 vagas,R$ 930.000
"Prédio Comercial e 2 banheiros à Venda, 508 m² por R$ 800.000","Rua Olinto Meira, 1074 - Alecrim, Natal - RN",Não informado,508m²,2 banheiros,,1 vaga,R$ 800.000
"Apartamento com 4 Quartos e 5 banheiros à Venda, 223 m² por R$ 590.000","Rua Paulo Barros de Goes, 1925 - Lagoa Nova, Natal - RN",R$ 1.500,223m²,5 banheiros     ,4 suítes,3 vagas,R$ 590.000
"Apartamento com 2 Quartos e 2 banheiros à Venda, 54 m² por R$ 600.000","Avenida Engenheiro Roberto Freire, 4130 - Ponta Negra, Natal - RN",R$ 692,54m²,2 banheiros     ,2 suítes,1 vaga,R$ 600.000
"Casa com 3 Quartos e 3 banheiros à Venda, 200 m² por R$ 240.000","Rua Manoel Miranda, 47 - Alecrim, Natal - RN",,200m²,3 banheiros     ,2 suítes,2 vagas,R$ 240.000
"Lote/Terreno à Venda, 270 m² por R$ 600.000","Avenida Governador Sílvio Pedroza, 142 - Areia Preta, Natal - RN",Não informado,270m²,Não informado Solicitar,,Não informado Solicitar,R$ 600.000
"Casa com 4 Quartos e 2 banheiros à Venda, 200 m² por R$ 240.000","Avenida Deodoro da Fonseca, 295 - Petrópolis, Natal - RN",,200m²,2 banheiros     ,1 suíte,2 vagas,R$ 240.000
"Apartamento com 3 Quartos e 3 banheiros à Venda, 100 m² por R$ 420.000","Rua Professora Francisca Ivone Cavalcanti, 35 - Ponta Negra, Natal - RN",R$ 650,100m²,3 banheiros     ,1 suíte,2 vagas,R$ 420.000
"Apartamento com 3 Quartos e 3 banheiros à Venda, 80 m² por R$ 420.000","Avenida Amintas Barros, 1480 - Nossa Senhora de Nazaré, Natal - RN",Não informado,80m²,3 banheiros     ,3 suítes,2 vagas,R$ 420.000
"Apartamento com 3 Quartos e 3 banheiros à Venda, 95 m² por R$ 560.000","Rua Professora Francisca Ivone Cavalcanti, 35 - Ponta Negra, Natal - RN",R$ 605,95m²,3 banheiros     ,1 suíte,2 vagas,R$ 560.000
"Imóvel Comercial com 20 Quartos e 24 banheiros à Venda, 1001 m² por R$ 2.900.000","Rua Vereador Manoel Coringa de Lemos, 259 - Ponta Negra, Natal - RN",Não informado,1001m²,24 banheiros     ,20 suítes,Não informado Solicitar,R$ 2.900.000
"Sobrado com 3 Quartos e 3 banheiros à Venda, 172 m² por R$ 600.000","Rua Santa Vitória do Palmar, 4705 - Neópolis, Natal - RN",,172m²,3 banheiros     ,3 suítes,2 vagas,R$ 600.000
"Ponto Comercial à Venda, 1400 m² por R$ 1.900.000","Avenida Rio Branco, 697 - Cidade Alta, Natal - RN",Não informado,1400m²,Não informado Solicitar,,Não informado Solicitar,R$ 1.900.000
"Apartamento com 3 Quartos e 3 banheiros à Venda, 110 m² por R$ 480.000","Rua Professor Clementino Câmara - Barro Vermelho, Natal - RN",R$ 930,110m²,3 banheiros     ,2 suítes,2 vagas,R$ 480.000
"Cobertura com 6 Quartos e 7 banheiros à Venda, 400 m² por R$ 950.000","Rua Epitácio Andrade, 1420 - Barro Vermelho, Natal - RN",R$ 1.400,400m²,7 banheiros     ,5 suítes,3 vagas,R$ 950.000
"Prédio Comercial com 10 Quartos e 4 banheiros à Venda, 525 m² por R$ 650.000","Rua Princesa Isabel, 682 - Cidade Alta, Natal - RN",Não informado,525m²,4 banheiros,,Não informado Solicitar,R$ 650.000
"Apartamento com 3 Quartos e 4 banheiros à Venda, 109 m² por R$ 560.000","Rua Doutor José Gonçalves, 170 - Lagoa Nova, Natal - RN",Não informado,109m²,4 banheiros     ,2 suítes,2 vagas,R$ 560.000
"Apartamento com 2 Quartos e 2 banheiros à Venda, 58 m² por R$ 310.000","Rua Eletricista Elias Ferreira, 2600 - Candelária, Natal - RN",R$ 471,58m²,2 banheiros     ,1 suíte,1 vaga,R$ 310.000
"Casa com 3 Quartos e 2 banheiros à Venda, 100 m² por R$ 250.000","Avenida Governador José Varela, 102 - Capim Macio, Natal - RN",,100m²,2 banheiros     ,1 suíte,Não informado Solicitar,R$ 250.000
"Apartamento com 2 Quartos e 2 banheiros à Venda, 57 m² por R$ 290.000","Rua Antônio Madruga, 1959 - Capim Macio, Natal - RN",R$ 376,57m²,2 banheiros     ,1 suíte,2 vagas,R$ 290.000
"Apartamento com 3 Quartos e 3 banheiros à Venda, 98 m² por R$ 640.000","Avenida Almirante Alexandrino de Alencar, 1320 - Tirol, Natal - RN",R$ 550,98m²,3 banheiros     ,1 suíte,2 vagas,R$ 640.000
"Casa com 3 Quartos e 5 banheiros à Venda, 256 m² por R$ 659.000","Rua João Florêncio de Queiroz, 275 - Capim Macio, Natal - RN",,256m²,5 banheiros     ,3 suítes,2 vagas,R$ 659.000
"Apartamento com 4 Quartos e 6 banheiros à Venda, 220 m² por R$ 990.000","Rua Mipibu, 524 - Petrópolis, Natal - RN",R$ 2.300,220m²,6 banheiros     ,4 suítes,3 vagas,R$ 990.000
"Casa com 3 Quartos e 3 banheiros à Venda, 250 m² por R$ 330.000","Avenida Doutor José Francisco da Silva, 941 - Potengi, Natal - RN",,250m²,3 banheiros     ,1 suíte,2 vagas,R$ 330.000
"Apartamento com 2 Quartos e 1 banheiro à Venda, 55 m² por R$ 420.000","Avenida Deputado Antônio Florêncio de Queiroz, 2995 - Ponta Negra, Natal - RN",Não informado,55m²,1 banheiro     ,1 suíte,1 vaga,R$ 420.000
"Casa com 4 Quartos e 3 banheiros à Venda, 246 m² por R$ 350.000","Rua Patativas, 8063 - Pitimbu, Natal - RN",,246m²,3 banheiros     ,2 suítes,4 vagas,R$ 350.000
"Casa de Condomínio com 2 Quartos e 2 banheiros à Venda, 65 m² por R$ 175.000","Rua Maranata, 2295 - Planalto, Natal - RN",R$ 240,65m²,2 banheiros,,1 vaga,R$ 175.000
"Apartamento com 2 Quartos e 2 banheiros à Venda, 81 m² por R$ 269.890","Rua Doutor Paulo Viveiros, 557 - Petrópolis, Natal - RN",R$ 700,81m²,2 banheiros     ,2 suítes,1 vaga,R$ 269.890
"Casa de Condomínio com 2 Quartos e 2 banheiros à Venda, 85 m² por R$ 185.000","Ponta Negra, Natal - RN",R$ 150,85m²,2 banheiros,,1 vaga,R$ 185.000
"Casa com 3 Quartos e 2 banheiros à Venda, 105 m² por R$ 255.000","Rua Serra Macaé, 8090 - Pitimbu, Natal - RN",Não informado,105m²,2 banheiros     ,1 suíte,2 vagas,R$ 255.000
"Apartamento com 3 Quartos e 2 banheiros à Venda, 83 m² por R$ 393.999","Rua Maria Nazaré de Araújo, 259 - Capim Macio, Natal - RN",,83m²,2 banheiros     ,1 suíte,2 vagas,R$ 393.999
"Apartamento com 2 Quartos e 2 banheiros à Venda, 56 m² por R$ 280.000","Avenida Amintas Barros, 1420 - Lagoa Nova, Natal - RN",R$ 350,56m²,2 banheiros     ,1 suíte,2 vagas,R$ 280.000
"Apartamento com 3 Quartos e 4 banheiros à Venda, 101 m² por R$ 649.000","Avenida Deputado Antônio Florêncio de Queiroz, 3335 - Ponta Negra, Natal - RN",R$ 600,101m²,4 banheiros     ,2 suítes,2 vagas,R$ 649.000
"Apartamento com 2 Quartos e 2 banheiros à Venda, 70 m² por R$ 134.900","Rua Leonardo Drumond, 1 - Lagoa Nova, Natal - RN",R$ 420,70m²,2 banheiros     ,1 suíte,1 vaga,R$ 134.900
"Apartamento com 2 Quartos e 3 banheiros à Venda, 121 m² por R$ 767.000","Avenida Deputado Antônio Florêncio de Queiroz, 8856 - Ponta Negra, Natal - RN",Não informado,121m²,3 banheiros     ,2 suítes,2 vagas,R$ 767.000
"Apartamento com 2 Quartos e 2 banheiros à Venda, 71 m² por R$ 250.000","Areia Preta, Natal - RN",R$ 915,71m²,2 banheiros     ,1 suíte,1 vaga,R$ 250.000
"Apartamento com 3 Quartos e 4 banheiros à Venda, 140 m² por R$ 450.000","Rua Vila do Mar, 222 - Ponta Negra, Natal - RN",R$ 850,140m²,4 banheiros     ,2 suítes,2 vagas,R$ 450.000
"Apartamento com 3 Quartos e 3 banheiros à Venda, 143 m² por R$ 419.999","Rua Coronel Joaquim Manoel, 625 - Petrópolis, Natal - RN",R$ 850,143m²,3 banheiros     ,1 suíte,1 vaga,R$ 419.999
"Apartamento com 3 Quartos e 4 banheiros à Venda, 106 m² por R$ 539.000","Rua Tereza Campos, 2070 - Lagoa Nova, Natal - RN",R$ 830,106m²,4 banheiros     ,2 suítes,2 vagas,R$ 539.000
"Cobertura com 2 Quartos e 2 banheiros à Venda, 91 m² por R$ 1.132.000","Avenida Praia de Ponta Negra, 9028 - Ponta Negra, Natal - RN",Não informado,91m²,2 banheiros     ,1 suíte,1 vaga,R$ 1.132.000
"Apartamento com 3 Quartos e 3 banheiros à Venda, 116 m² por R$ 300.000","Avenida Governador Juvenal Lamartine, 978 - Tirol, Natal - RN",R$ 420,116m²,3 banheiros     ,1 suíte,1 vaga,R$ 300.000
"Apartamento com 2 Quartos e 2 banheiros à Venda, 51 m² por R$ 285.000","Rua Presbítero Porfírio Gomes da Silva, 1372 - Capim Macio, Natal - RN",Não informado,51m²,2 banheiros     ,1 suíte,1 vaga,R$ 285.000
"Apartamento com 1 Quarto e 1 banheiro à Venda, 46 m² por R$ 155.000","Avenida Presidente Café Filho - Praia do Meio, Natal - RN",Não informado,46m²,1 banheiro,,1 vaga,R$ 155.000
"Casa com 6 Quartos e 4 banheiros à Venda, 280 m² por R$ 450.000","Rua Aderbal de França, 1992 - Candelária, Natal - RN",Não informado,280m²,4 banheiros     ,2 suítes,2 vagas,R$ 450.000
"Apartamento com 4 Quartos e 3 banheiros à Venda, 101 m² por R$ 699.000","Avenida Deputado Antônio Florêncio de Queiroz, 3335 - Ponta Negra, Natal - RN",R$ 600,101m²,3 banheiros     ,2 suítes,2 vagas,R$ 699.000
"Apartamento com 3 Quartos e 2 banheiros à Venda, 76 m² por R$ 534.900","Rua Eduardo Gurgel, 1133 - Lagoa Nova, Natal - RN",R$ 850,76m²,2 banheiros     ,1 suíte,2 vagas,R$ 534.900
"Apartamento com 2 Quartos e 2 banheiros à Venda, 55 m² por R$ 229.000","Rua Joaquim Eduardo de Farias, 213 - Ponta Negra, Natal - RN",R$ 410,55m²,2 banheiros     ,1 suíte,1 vaga,R$ 229.000
"Apartamento com 2 Quartos e 2 banheiros à Venda, 50 m² por R$ 285.000","Rua Presbítero Porfírio Gomes da Silva, 1372 - Capim Macio, Natal - RN",R$ 60.012,50m²,2 banheiros     ,1 suíte,1 vaga,R$ 285.000
"Apartamento com 4 Quartos e 5 banheiros à Venda, 150 m² por R$ 980.000","Rua Jundiaí, 721 - Tirol, Natal - RN",R$ 958,150m²,5 banheiros     ,2 suítes,Não informado Solicitar,R$ 980.000
"Apartamento com 3 Quartos e 3 banheiros à Venda, 94 m² por R$ 390.000","Rua das Perdizes, 7979 - Pitimbu, Natal - RN",Não informado,94m²,3 banheiros     ,2 suítes,2 vagas,R$ 390.000
"Apartamento com 3 Quartos e 5 banheiros à Venda, 106 m² por R$ 480.000","Rua Jaguarari, 1170 - Barro Vermelho, Natal - RN",R$ 700,106m²,5 banheiros     ,3 suítes,2 vagas,R$ 480.000
"Apartamento com 3 Quartos e 4 banheiros à Venda, 110 m² por R$ 400.000","Rua Francisco Borges de Oliveira, 1577 - Lagoa Nova, Natal - RN",Não informado,110m²,4 banheiros,,2 vagas,R$ 400.000
"Apartamento com 3 Quartos e 3 banheiros à Venda, 78 m² por R$ 162.999","Rua Luciano Bahia, 1855 - Capim Macio, Natal - RN",R$ 530,78m²,3 banheiros     ,2 suítes,1 vaga,R$ 162.999
"Apartamento com 3 Quartos e 5 banheiros à Venda, 220 m² por R$ 1.100.000","Rua Mandacaru - Lagoa Nova, Natal - RN",Não informado,220m²,5 banheiros,,3 vagas,R$ 1.100.000
"Apartamento com 2 Quartos e 2 banheiros à Venda, 54 m² por R$ 250.000","Avenida Deputado Antônio Florêncio de Queiroz, 270 - Ponta Negra, Natal - RN",R$ 290,54m²,2 banheiros     ,1 suíte,1 vaga,R$ 250.000
"Apartamento com 3 Quartos e 3 banheiros à Venda, 92 m² por R$ 450.000","Rua Lúcia Viveiros, 649 - Neópolis, Natal - RN",R$ 513,92m²,3 banheiros     ,1 suíte,2 vagas,R$ 450.000
"Casa com 2 Quartos e 1 banheiro à Venda, 95 m² por R$ 250.000","Quintas, Natal - RN",,95m²,1 banheiro,,1 vaga,R$ 250.000
"Apartamento com 3 Quartos e 4 banheiros à Venda, 94 m² por R$ 575.000","Rua General Gustavo Cordeiro de Faria, 56 - Petrópolis, Natal - RN",R$ 590,94m²,4 banheiros     ,1 suíte,2 vagas,R$ 575.000
"Apartamento com 2 Quartos e 2 banheiros à Venda, 77 m² por R$ 350.000","Rua da Saudade, 905 - Morro Branco, Natal - RN",R$ 550,77m²,2 banheiros     ,1 suíte,2 vagas,R$ 350.000
"Apartamento com 3 Quartos e 5 banheiros à Venda, 165 m² por R$ 1.450.000","Rua Antídio de Azevedo - Lagoa Nova, Natal - RN",R$ 980,165m²,5 banheiros     ,3 suítes,3 vagas,R$ 1.450.000
"Apartamento com 3 Quartos e 3 banheiros à Venda, 94 m² por R$ 440.000","Rua Joaquim Victor de Hollanda - Lagoa Nova, Natal - RN",R$ 840,94m²,3 banheiros     ,1 suíte,2 vagas,R$ 440.000
"Apartamento com 2 Quartos e 2 banheiros à Venda, 55 m² por R$ 349.000","Rua Antônio Madruga, 1959 - Capim Macio, Natal - RN",R$ 344,55m²,2 banheiros     ,1 suíte,2 vagas,R$ 349.000
"Casa de Condomínio com 4 Quartos e 6 banheiros à Venda, 232 m² por R$ 849.999","Rua Alfredo Pegado Cortez, 4075 - Candelária, Natal - RN",R$ 1.600,232m²,6 banheiros     ,3 suítes,4 vagas,R$ 849.999
"Apartamento com 3 Quartos e 3 banheiros à Venda, 99 m² por R$ 515.000","Tirol, Natal - RN",R$ 791,99m²,3 banheiros     ,1 suíte,2 vagas,R$ 515.000
"Apartamento com 4 Quartos e 5 banheiros à Venda, 152 m² por R$ 1.045.000","Rua Ângelo Varela, 1130 - Tirol, Natal - RN",R$ 1.100,152m²,5 banheiros     ,3 suítes,3 vagas,R$ 1.045.000
"Apartamento com 3 Quartos e 4 banheiros à Venda, 108 m² por R$ 610.000","Lagoa Nova, Natal - RN",R$ 710,108m²,4 banheiros     ,2 suítes,2 vagas,R$ 610.000
"Apartamento com 2 Quartos e 2 banheiros à Venda, 55 m² por R$ 320.000","Rua Tereza Campos - Lagoa Nova, Natal - RN",R$ 500,55m²,2 banheiros,,1 vaga,R$ 320.000
"Apartamento com 2 Quartos e 2 banheiros à Venda, 60 m² por R$ 315.000","Ponta Negra, Natal - RN",R$ 630,60m²,2 banheiros     ,1 suíte,1 vaga,R$ 315.000
"Apartamento com 3 Quartos e 5 banheiros à Venda, 165 m² por R$ 1.680.000","Rua Henri Koster, 1035 - Tirol, Natal - RN",R$ 1.750,165m²,5 banheiros     ,3 suítes,3 vagas,R$ 1.680.000
"Apartamento com 2 Quartos e 1 banheiro à Venda, 45 m² por R$ 169.900","Rua Maranata, 0 - Planalto, Natal - RN",Não informado,45m²,1 banheiro,,1 vaga,R$ 169.900
"Apartamento com 4 Quartos e 2 banheiros à Venda, 185 m² por R$ 300.000","Rua Afrânio Peixoto - Barro Vermelho, Natal - RN",R$ 995,185m²,2 banheiros     ,1 suíte,1 vaga,R$ 300.000
"Apartamento com 3 Quartos e 3 banheiros à Venda, 97 m² por R$ 460.000","Capim Macio, Natal - RN",Não informado,97m²,3 banheiros     ,3 suítes,3 vagas,R$ 460.000
"Apartamento com 3 Quartos e 2 banheiros à Venda, 104 m² por R$ 469.000","Avenida Amintas Barros, 3680 - Lagoa Nova, Natal - RN",R$ 700,104m²,2 banheiros     ,1 suíte,2 vagas,R$ 469.000
"Apartamento com 2 Quartos e 2 banheiros à Venda, 56 m² por R$ 215.000","Rua Joaquim Eduardo de Farias, 213 - Ponta Negra, Natal - RN",R$ 400,56m²,2 banheiros     ,1 suíte,1 vaga,R$ 215.000
"Apartamento com 3 Quartos e 2 banheiros à Venda, 85 m² por R$ 210.000","Rua Capitão Abdon Nunes - Tirol, Natal - RN",R$ 875,85m²,2 banheiros     ,1 suíte,1 vaga,R$ 210.000
"Casa com 3 Quartos e 3 banheiros à Venda, 156 m² por R$ 330.000","Rua Alamanda, 3462 - Candelária, Natal - RN",Não informado,156m²,3 banheiros     ,1 suíte,4 vagas,R$ 330.000
"Flat com 1 Quarto e 1 banheiro à Venda, 33 m² por R$ 220.000","Avenida Engenheiro Roberto Freire, 4795 - Ponta Negra, Natal - RN",R$ 748,33m²,1 banheiro,,1 vaga,R$ 220.000
"Casa com 3 Quartos e 5 banheiros à Venda, 300 m² por R$ 530.000","Rua Coronel Luciano Saldanha, 0 - Capim Macio, Natal - RN",Não informado,300m²,5 banheiros     ,3 suítes,2 vagas,R$ 530.000
"Casa com 4 Quartos e 6 banheiros à Venda, 400 m² por R$ 800.000","Rua Eleusis Magnus Lopes Cardoso, 000 - Candelária, Natal - RN",Não informado,400m²,6 banheiros     ,4 suítes,4 vagas,R$ 800.000
"Casa de Condomínio com 5 Quartos e 6 banheiros à Venda, 750 m² por R$ 3.500.000","Rua Jaguarari, 4980 - Candelária, Natal - RN",R$ 1.600,750m²,6 banheiros     ,4 suítes,5 vagas,R$ 3.500.000
"Apartamento com 2 Quartos e 2 banheiros à Venda, 58 m² por R$ 380.000","Rua Açu, 520 - Tirol, Natal - RN",R$ 339,58m²,2 banheiros     ,1 suíte,1 vaga,R$ 380.000
"Apartamento com 4 Quartos e 5 banheiros à Venda, 220 m² por R$ 700.000","Rua Pinto Martins, 1000 - Areia Preta, Natal - RN",R$ 2.000,220m²,5 banheiros     ,4 suítes,3 vagas,R$ 700.000
"Apartamento com 2 Quartos e 2 banheiros à Venda, 60 m² por R$ 280.000","Rua do Golfinho, 350 - Ponta Negra, Natal - RN",R$ 330,60m²,2 banheiros     ,1 suíte,1 vaga,R$ 280.000
"Apartamento com 2 Quartos e 2 banheiros à Venda, 49 m² por R$ 285.000","Rua Presbítero Porfírio Gomes da Silva, 1372 - Capim Macio, Natal - RN",Não informado,49m²,2 banheiros     ,1 suíte,1 vaga,R$ 285.000
"Apartamento com 2 Quartos e 2 banheiros à Venda, 59 m² por R$ 375.000","Rua Presbítero Porfírio Gomes da Silva, 1568 - Capim Macio, Natal - RN",R$ 585,59m²,2 banheiros     ,1 suíte,1 vaga,R$ 375.000
"Apartamento com 2 Quartos e 1 banheiro à Venda, 55 m² por R$ 369.000","Rua das Algas, 2151 - Ponta Negra, Natal - RN",R$ 590,55m²,1 banheiro,,1 vaga,R$ 369.000
"Casa de Condomínio com 2 Quartos e 2 banheiros à Venda, 85 m² por R$ 205.900","Avenida Engenheiro Roberto Freire, 3206 - Ponta Negra, Natal - RN",Não informado,85m²,2 banheiros,,Não informado Solicitar,R$ 205.900
"Apartamento com 3 Quartos e 4 banheiros à Venda, 200 m² por R$ 650.000","Rua Dona Maria Câmara, 3558 - Capim Macio, Natal - RN",R$ 1.300,200m²,4 banheiros     ,3 suítes,2 vagas,R$ 650.000
"Apartamento com 3 Quartos e 2 banheiros à Venda, 77 m² por R$ 300.000","Candelária, Natal - RN",Não informado,77m²,2 banheiros     ,1 suíte,2 vagas,R$ 300.000
"Casa com 4 Quartos e 3 banheiros à Venda, 130 m² por R$ 275.000","Alameda Professora Angélica de Almeida Moura, 2829 - Neópolis, Natal - RN",,130m²,3 banheiros     ,1 suíte,1 vaga,R$ 275.000
"Casa com 5 Quartos e 6 banheiros à Venda, 480 m² por R$ 840.000","Lagoa Nova, Natal - RN",,480m²,6 banheiros     ,3 suítes,3 vagas,R$ 840.000
"Casa de Condomínio com 5 Quartos e 7 banheiros à Venda, 425 m² por R$ 3.500.000","Rua Alfredo Dias de Figueiredo, 1249 - Ponta Negra, Natal - RN",R$ 700,425m²,7 banheiros     ,5 suítes,6 vagas,R$ 3.500.000
"Apartamento com 3 Quartos e 3 banheiros à Venda, 96 m² por R$ 650.000","Avenida Almirante Alexandrino de Alencar, 1320 - Tirol, Natal - RN",R$ 550,96m²,3 banheiros     ,1 suíte,2 vagas,R$ 650.000
"Cobertura com 5 Quartos e 6 banheiros à Venda, 200 m² por R$ 1.600.000","Rua Padre João Damasceno, 1492 - Lagoa Nova, Natal - RN",R$ 850,200m²,6 banheiros     ,4 suítes,3 vagas,R$ 1.600.000
"Apartamento com 2 Quartos e 2 banheiros à Venda, 55 m² por R$ 295.000","Rua Francisco Gurgel - Ponta Negra, Natal - RN",R$ 600,55m²,2 banheiros     ,1 suíte,1 vaga,R$ 295.000
"Apartamento com 3 Quartos e 3 banheiros à Venda, 92 m² por R$ 430.000","Rua Lúcia Viveiros, 649 - Neópolis, Natal - RN",R$ 555,92m²,3 banheiros     ,1 suíte,2 vagas,R$ 430.000
"Apartamento com 3 Quartos e 3 banheiros à Venda, 78 m² por R$ 280.000","Rua Luciano Bahia, 1855 - Capim Macio, Natal - RN",R$ 530,78m²,3 banheiros     ,2 suítes,1 vaga,R$ 280.000
"Apartamento com 3 Quartos e 4 banheiros à Venda, 130 m² por R$ 1.250.000","Rua Apodi, 421 - Tirol, Natal - RN",R$ 720,130m²,4 banheiros     ,3 suítes,3 vagas,R$ 1.250.000
"Apartamento com 3 Quartos e 2 banheiros à Venda, 75 m² por R$ 349.900","Avenida Interventor Mário Câmara, 2038 - Dix-sept Rosado, Natal - RN",Não informado,75m²,2 banheiros     ,2 suítes,2 vagas,R$ 349.900
"Apartamento com 3 Quartos e 4 banheiros à Venda, 220 m² por R$ 730.000","Rua Dom José Tomaz, 1040 - Tirol, Natal - RN",R$ 1.850,220m²,4 banheiros     ,3 suítes,2 vagas,R$ 730.000
"Apartamento com 2 Quartos e 1 banheiro à Venda, 55 m² por R$ 75.000","Rua Construtor Severino Bezerra, 970 - Redinha, Natal - RN",R$ 210,55m²,1 banheiro,,1 vaga,R$ 75.000
"Apartamento com 3 Quartos e 2 banheiros à Venda, 90 m² por R$ 580.000","Rua Doutor José Bezerra, 70 - Barro Vermelho, Natal - RN",R$ 545,90m²,2 banheiros     ,1 suíte,2 vagas,R$ 580.000
"Apartamento com 3 Quartos e 3 banheiros à Venda, 125 m² por R$ 645.000","Rua Jaguarari, 4985 - Candelária, Natal - RN",R$ 650,125m²,3 banheiros     ,2 suítes,2 vagas,R$ 645.000
"Casa com 3 Quartos e 2 banheiros à Venda, 187 m² por R$ 265.000","Rua São Leopoldo, 22 - Cidade da Esperança, Natal - RN",,187m²,2 banheiros     ,1 suíte,2 vagas,R$ 265.000
"Apartamento com 3 Quartos e 2 banheiros à Venda, 71 m² por R$ 250.000","Rua Teófilo Brandão, 147 - Areia Preta, Natal - RN",R$ 915,71m²,2 banheiros     ,1 suíte,2 vagas,R$ 250.000
"Apartamento com 3 Quartos e 3 banheiros à Venda, 94 m² por R$ 415.000","Rua João das Estivas, 1517 - Barro Vermelho, Natal - RN",R$ 800,94m²,3 banheiros     ,1 suíte,2 vagas,R$ 415.000
"Apartamento com 3 Quartos e 3 banheiros à Venda, 110 m² por R$ 715.000","Avenida Almirante Alexandrino de Alencar, 1362 - Tirol, Natal - RN",R$ 850,110m²,3 banheiros     ,2 suítes,2 vagas,R$ 715.000
"Apartamento com 4 Quartos e 5 banheiros à Venda, 256 m² por R$ 1.050.000","Avenida Rodrigues Alves - Tirol, Natal - RN",R$ 2.200,256m²,5 banheiros,,3 vagas,R$ 1.050.000
"Lote/Terreno à Venda, 459 m² por R$ 500.000","Rua Alfredo Dias de Figueiredo, 1249 - Ponta Negra, Natal - RN",R$ 600,459m²,Não informado Solicitar,,Não informado Solicitar,R$ 500.000
"Apartamento com 4 Quartos e 4 banheiros à Venda, 170 m² por R$ 529.000","Rua José Ovídio do Vale, 1914 - Morro Branco, Natal - RN",R$ 1.500,170m²,4 banheiros     ,3 suítes,2 vagas,R$ 529.000
"Apartamento com 4 Quartos e 3 banheiros à Venda, 120 m² por R$ 650.000","Rua Ana Néri, 351 - Petrópolis, Natal - RN",Não informado,120m²,3 banheiros     ,1 suíte,2 vagas,R$ 650.000
"Apartamento com 2 Quartos e 2 banheiros à Venda, 54 m² por R$ 200.000","Rua Joaquim Eduardo de Farias - Ponta Negra, Natal - RN",Não informado,54m²,2 banheiros     ,1 suíte,1 vaga,R$ 200.000
"Apartamento com 3 Quartos e 3 banheiros à Venda, 101 m² por R$ 700.000","Avenida Deputado Antônio Florêncio de Queiroz, 1500 - Ponta Negra, Natal - RN",R$ 550,101m²,3 banheiros     ,2 suítes,2 vagas,R$ 700.000
"Cobertura com 3 Quartos e 4 banheiros à Venda, 215 m² por R$ 1.499.000","Rua Padre João Damasceno, 1294 - Lagoa Nova, Natal - RN",Não informado,215m²,4 banheiros     ,3 suítes,3 vagas,R$ 1.499.000
"Cobertura com 4 Quartos e 4 banheiros à Venda, 420 m² por R$ 4.200.000","Avenida Governador Sílvio Pedroza, 246 - Areia Preta, Natal - RN",R$ 3.400,420m²,4 banheiros     ,4 suítes,5 vagas,R$ 4.200.000
"Casa com 4 Quartos e 3 banheiros à Venda, 260 m² por R$ 394.900","Rua José Pinto Júnior, 7755 - Pitimbu, Natal - RN",Não informado,260m²,3 banheiros     ,1 suíte,4 vagas,R$ 394.900
"Apartamento com 3 Quartos e 3 banheiros à Venda, 155 m² por R$ 650.000","Avenida Xavier da Silveira, 1773 - Morro Branco, Natal - RN",R$ 1.250,155m²,3 banheiros     ,1 suíte,2 vagas,R$ 650.000
"Apartamento com 3 Quartos e 2 banheiros à Venda, 85 m² por R$ 650.000","Rua Américo Soares Wanderley, 1856 - Capim Macio, Natal - RN",R$ 600,85m²,2 banheiros     ,2 suítes,2 vagas,R$ 650.000
"Casa com 4 Quartos e 5 banheiros à Venda, 140 m² por R$ 435.000","Rua Minas Novas, 300 - Neópolis, Natal - RN",R$ 420,140m²,5 banheiros     ,3 suítes,2 vagas,R$ 435.000
"Apartamento com 4 Quartos e 6 banheiros à Venda, 503 m² por R$ 5.000.000","Rua Doutor Manoel Dantas, 516 - Petrópolis, Natal - RN",R$ 3.300,503m²,6 banheiros     ,4 suítes,4 vagas,R$ 5.000.000
"Apartamento com 3 Quartos e 1 banheiro à Venda, 88 m² por R$ 744.376","Rua Capitão Abdon Nunes, 790 - Tirol, Natal - RN",R$ 880,88m²,1 banheiro     ,2 suítes,2 vagas,R$ 744.376
"Casa com 3 Quartos e 3 banheiros à Venda, 350 m² por R$ 360.000","Rua Marechal Anacleto de Lima, 00 - Nossa Senhora de Nazaré, Natal - RN",Não informado,350m²,3 banheiros     ,1 suíte,3 vagas,R$ 360.000
"Apartamento com 3 Quartos e 3 banheiros à Venda, 170 m² por R$ 350.001","Avenida Hermes da Fonseca, 504 - Petrópolis, Natal - RN",R$ 1.151,170m²,3 banheiros     ,1 suíte,2 vagas,R$ 350.001
"Apartamento com 4 Quartos e 4 banheiros à Venda, 178 m² por R$ 355.000","Rua Francisco Borges de Oliveira, 1288 - Lagoa Nova, Natal - RN",Não informado,178m²,4 banheiros     ,2 suítes,2 vagas,R$ 355.000
"Apartamento com 4 Quartos e 3 banheiros à Venda, 101 m² por R$ 840.000","Avenida Deputado Antônio Florêncio de Queiroz, 3335 - Ponta Negra, Natal - RN",R$ 650,101m²,3 banheiros     ,3 suítes,2 vagas,R$ 840.000
"Casa com 4 Quartos e 6 banheiros à Venda, 400 m² por R$ 1.110.000","Avenida Governador José Varela, 2933 - Capim Macio, Natal - RN",Não informado,400m²,6 banheiros     ,4 suítes,3 vagas,R$ 1.110.000
"Casa com 6 Quartos e 7 banheiros à Venda, 235 m² por R$ 600.000","Rua Barra do Rio, 2182 - Ponta Negra, Natal - RN",Não informado,235m²,7 banheiros     ,6 suítes,6 vagas,R$ 600.000
"Apartamento com 2 Quartos e 2 banheiros à Venda, 54 m² por R$ 260.000","Rua José Mauro de Vasconcelos, 1778 - Capim Macio, Natal - RN",R$ 500,54m²,2 banheiros     ,1 suíte,1 vaga,R$ 260.000
"Apartamento com 3 Quartos e 4 banheiros à Venda, 138 m² por R$ 950.000","Avenida Rodrigues Alves, 1115 - Tirol, Natal - RN",R$ 1.100,138m²,4 banheiros     ,3 suítes,2 vagas,R$ 950.000
"Imóvel Comercial com 21 Quartos e 25 banheiros à Venda, 800 m² por R$ 2.600.000","Ponta Negra, Natal - RN",,800m²,25 banheiros     ,21 suítes,Não informado Solicitar,R$ 2.600.000
"Consultório e 1 banheiro à Venda, 25 m² por R$ 600.000","Rua Coronel Auris Coelho, 1868 - Lagoa Nova, Natal - RN",R$ 412,25m²,1 banheiro,,1 vaga,R$ 600.000
"Apartamento com 4 Quartos e 1 banheiro à Venda, 208 m² por R$ 2.100.000","Avenida Prudente de Morais, 1044 - Tirol, Natal - RN",R$ 1.200,208m²,1 banheiro     ,4 suítes,4 vagas,R$ 2.100.000
"Apartamento com 2 Quartos e 2 banheiros à Venda, 58 m² por R$ 190.000","Rua da Bronzita, 467 - Lagoa Nova, Natal - RN",R$ 350,58m²,2 banheiros     ,2 suítes,1 vaga,R$ 190.000
"Casa com 3 Quartos e 3 banheiros à Venda, 189 m² por R$ 910.000","Rua Neuza Farache, 1882 - Capim Macio, Natal - RN",Não informado,189m²,3 banheiros     ,3 suítes,3 vagas,R$ 910.000
"Apartamento com 4 Quartos e 5 banheiros à Venda, 282 m² por R$ 2.749.000","Avenida Governador Sílvio Pedroza, 1500 - Areia Preta, Natal - RN",R$ 2.300,282m²,5 banheiros     ,4 suítes,4 vagas,R$ 2.749.000
"Apartamento com 2 Quartos e 2 banheiros à Venda, 76 m² por R$ 180.000","Rua Ilce Marinho, 258 - Capim Macio, Natal - RN",R$ 460,76m²,2 banheiros     ,1 suíte,1 vaga,R$ 180.000
"Flat com 1 Quarto e 1 banheiro à Venda, 23 m² por R$ 219.000","Avenida Engenheiro Roberto Freire, 4848 - Ponta Negra, Natal - RN",R$ 420,23m²,1 banheiro     ,1 suíte,1 vaga,R$ 219.000
"Apartamento com 3 Quartos e 3 banheiros à Venda, 85 m² por R$ 655.000","Rua Américo Soares Wanderley, 1856 - Capim Macio, Natal - RN",R$ 600,85m²,3 banheiros     ,2 suítes,2 vagas,R$ 655.000
"Cobertura com 4 Quartos e 5 banheiros à Venda, 200 m² por R$ 1.600.000","Rua Padre João Damasceno, 1492 - Lagoa Nova, Natal - RN",R$ 850,200m²,5 banheiros     ,3 suítes,3 vagas,R$ 1.600.000
"Apartamento com 3 Quartos e 3 banheiros à Venda, 100 m² por R$ 220.000","Rua José Aurino da Rocha, 2255 - Lagoa Nova, Natal - RN",R$ 430,100m²,3 banheiros     ,2 suítes,Não informado Solicitar,R$ 220.000
"Apartamento com 3 Quartos e 2 banheiros à Venda, 76 m² por R$ 275.000","Tirol, Natal - RN",R$ 660,76m²,2 banheiros     ,1 suíte,1 vaga,R$ 275.000
"Ponto Comercial com 1 Quarto e 1 banheiro à Venda, 47 m² por R$ 400.000","Avenida Rodrigues Alves, 800 - Tirol, Natal - RN",Não informado,47m²,1 banheiro     ,1 suíte,1 vaga,R$ 400.000
"Apartamento com 2 Quartos e 2 banheiros à Venda, 60 m² por R$ 130.000","Rua Walter Duarte Pereira, 1548 - Capim Macio, Natal - RN",Não informado,60m²,2 banheiros,,2 vagas,R$ 130.000
"Casa com 4 Quartos e 4 banheiros à Venda, 442 m² por R$ 440.000","Candelária, Natal - RN",Não informado,442m²,4 banheiros     ,1 suíte,3 vagas,R$ 440.000
"Casa de Condomínio com 3 Quartos e 5 banheiros à Venda, 331 m² por R$ 1.780.000","Rua Júlio César de Andrade - Ponta Negra, Natal - RN",R$ 890,331m²,5 banheiros     ,3 suítes,4 vagas,R$ 1.780.000
"Apartamento com 2 Quartos e 1 banheiro à Venda, 79 m² por R$ 578.842","Avenida Deputado Antônio Florêncio de Queiroz, 3335 - Ponta Negra, Natal - RN",R$ 450,79m²,1 banheiro     ,1 suíte,2 vagas,R$ 578.842
"Apartamento com 2 Quartos e 2 banheiros à Venda, 50 m² por R$ 210.000","Rua Joaquim Fabrício, 266 - Petrópolis, Natal - RN",R$ 750,50m²,2 banheiros,,1 vaga,R$ 210.000
"Imóvel Comercial à Venda, 300 m² por R$ 1.000.000","Lagoa Nova, Natal - RN",Não informado,300m²,Não informado Solicitar,,Não informado Solicitar,R$ 1.000.000
"Apartamento com 3 Quartos e 2 banheiros à Venda, 80 m² por R$ 280.000","Lagoa Seca, Natal - RN",R$ 350,80m²,2 banheiros     ,1 suíte,2 vagas,R$ 280.000
"Casa com 4 Quartos e 5 banheiros à Venda, 375 m² por R$ 1.390.000","Rua Romualdo Galvão, 2050 - Lagoa Nova, Natal - RN",R$ 625,375m²,5 banheiros     ,4 suítes,4 vagas,R$ 1.390.000
"Cobertura com 2 Quartos e 2 banheiros à Venda, 121 m² por R$ 765.978","Avenida Deputado Antônio Florêncio de Queiroz, 2995 - Ponta Negra, Natal - RN",R$ 362,121m²,2 banheiros     ,1 suíte,1 vaga,R$ 765.978
"Apartamento com 2 Quartos e 2 banheiros à Venda, 57 m² por R$ 360.000","Rua Vereador Manoel Sátiro, 248 - Ponta Negra, Natal - RN",R$ 720,57m²,2 banheiros     ,1 suíte,1 vaga,R$ 360.000
"Casa de Condomínio com 3 Quartos e 3 banheiros à Venda, 97 m² por R$ 469.900","Rua da Campina, 86 - Ponta Negra, Natal - RN",Não informado,97m²,3 banheiros     ,2 suítes,1 vaga,R$ 469.900
"Apartamento com 2 Quartos e 2 banheiros à Venda, 70 m² por R$ 170.000","Rua Ataulfo Alves - Candelária, Natal - RN",R$ 600,70m²,2 banheiros,,1 vaga,R$ 170.000
"Cobertura com 2 Quartos e 2 banheiros à Venda, 105 m² por R$ 900.000","Avenida Estrela do Mar, 2147 - Ponta Negra, Natal - RN",Não informado,105m²,2 banheiros     ,1 suíte,2 vagas,R$ 900.000
"Apartamento com 2 Quartos e 1 banheiro à Venda, 59 m² por R$ 230.000","Rua Aurélio Pinheiro, 637 - Barro Vermelho, Natal - RN",R$ 450,59m²,1 banheiro     ,1 suíte,1 vaga,R$ 230.000
"Casa com 3 Quartos e 4 banheiros à Venda, 766 m² por R$ 2.000.000","Ponta Negra, Natal - RN",,766m²,4 banheiros     ,1 suíte,4 vagas,R$ 2.000.000
"Apartamento com 3 Quartos e 3 banheiros à Venda, 79 m² por R$ 569.000","Avenida Deputado Antônio Florêncio de Queiroz, 3335 - Ponta Negra, Natal - RN",R$ 600,79m²,3 banheiros     ,1 suíte,2 vagas,R$ 569.000
"Apartamento com 2 Quartos e 1 banheiro à Venda, 80 m² por R$ 220.000","Rua Pastor Gabino Brelaz, 1419 - Capim Macio, Natal - RN",R$ 500,80m²,1 banheiro     ,1 suíte,1 vaga,R$ 220.000
"Apartamento com 2 Quartos e 2 banheiros à Venda, 59 m² por R$ 419.990","Avenida Deputado Antônio Florêncio de Queiroz, 2995 - Ponta Negra, Natal - RN",R$ 462,59m²,2 banheiros     ,1 suíte,1 vaga,R$ 419.990
"Flat com 1 Quarto e 1 banheiro à Venda, 34 m² por R$ 290.000","Rua Altemar Dutra, 4795 - Ponta Negra, Natal - RN",R$ 748,34m²,1 banheiro,,1 vaga,R$ 290.000
"Apartamento com 3 Quartos e 5 banheiros à Venda, 182 m² por R$ 650.000","Avenida Campos Sales, 855 - Tirol, Natal - RN",R$ 1.200,182m²,5 banheiros     ,3 suítes,2 vagas,R$ 650.000
"Apartamento com 3 Quartos e 3 banheiros à Venda, 113 m² por R$ 345.000","Rua Alberto Silva, 1375 - Tirol, Natal - RN",Não informado,113m²,3 banheiros     ,1 suíte,1 vaga,R$ 345.000
"Apartamento com 3 Quartos e 1 banheiro à Venda, 75 m² por R$ 420.000","Rua Eduardo Gurgel - Lagoa Nova, Natal - RN",R$ 620,75m²,1 banheiro     ,1 suíte,2 vagas,R$ 420.000
"Apartamento com 2 Quartos e 2 banheiros à Venda, 57 m² por R$ 259.990","Vila Progresso, 1350 - Barro Vermelho, Natal - RN",R$ 403,57m²,2 banheiros     ,1 suíte,1 vaga,R$ 259.990
"Apartamento com 3 Quartos e 3 banheiros à Venda, 160 m² por R$ 389.000","Avenida Governador Tarcísio de Vasconcelos Maia, 111 - Candelária, Natal - RN",R$ 1.040,160m²,3 banheiros     ,2 suítes,2 vagas,R$ 389.000
"Casa com 4 Quartos e 6 banheiros à Venda, 585 m² por R$ 1.599.990","Rua Professor Bilac de Farias, 1816 - Cidade Jardim, Natal - RN",Não informado,585m²,6 banheiros     ,4 suítes,6 vagas,R$ 1.599.990
"Flat com 2 Quartos e 2 banheiros à Venda, 59 m² por R$ 295.000","Avenida das Conchas, 2149 - Ponta Negra, Natal - RN",R$ 1.200,59m²,2 banheiros     ,1 suíte,1 vaga,R$ 295.000
"Flat com 2 Quartos e 2 banheiros à Venda, 101 m² por R$ 800.000","Rua Pedro Fonseca Filho, 45 - Ponta Negra, Natal - RN",Não informado,101m²,2 banheiros     ,1 suíte,1 vaga,R$ 800.000
"Apartamento com 4 Quartos e 6 banheiros à Venda, 480 m² por R$ 6.000.000","Avenida Presidente Getúlio Vargas, 544 - Petrópolis, Natal - RN",R$ 3.000,480m²,6 banheiros     ,4 suítes,5 vagas,R$ 6.000.000
"Apartamento com 3 Quartos e 3 banheiros à Venda, 105 m² por R$ 799.999","Rua Trairi, 798 - Petrópolis, Natal - RN",R$ 520,105m²,3 banheiros     ,1 suíte,2 vagas,R$ 799.999
"Apartamento com 3 Quartos e 2 banheiros à Venda, 85 m² por R$ 290.000","Avenida Hermes da Fonseca, 409 - Petrópolis, Natal - RN",R$ 400,85m²,2 banheiros     ,1 suíte,1 vaga,R$ 290.000
"Apartamento com 3 Quartos e 1 banheiro à Venda, 98 m² por R$ 455.000","Rua Desembargador José Gomes da Costa - Capim Macio, Natal - RN",Não informado,98m²,1 banheiro     ,1 suíte,2 vagas,R$ 455.000
"Apartamento com 2 Quartos e 2 banheiros à Venda, 67 m² por R$ 349.000","Avenida Senador Salgado Filho - Neópolis, Natal - RN",R$ 384,67m²,2 banheiros     ,1 suíte,1 vaga,R$ 349.000
"Flat com 2 Quartos e 2 banheiros à Venda, 60 m² por R$ 315.000","Rua Vereador Manoel Sátiro, 248 - Ponta Negra, Natal - RN",R$ 750,60m²,2 banheiros     ,1 suíte,1 vaga,R$ 315.000
"Casa com 2 Quartos e 1 banheiro à Venda, 70 m² por R$ 110.000","Rua Santa Luzia - Ponta Negra, Natal - RN",Não informado,70m²,1 banheiro,,2 vagas,R$ 110.000
"Apartamento com 4 Quartos e 6 banheiros à Venda, 270 m² por R$ 1.900.000","Avenida Governador Sílvio Pedroza, 232 - Areia Preta, Natal - RN",R$ 1.900,270m²,6 banheiros     ,4 suítes,3 vagas,R$ 1.900.000
"Casa com 4 Quartos e 2 banheiros à Venda, 180 m² por R$ 350.000","Rua Lago da Pedra, 989 - Pitimbu, Natal - RN",,180m²,2 banheiros     ,1 suíte,4 vagas,R$ 350.000
"Apartamento com 2 Quartos e 2 banheiros à Venda, 59 m² por R$ 480.000","Avenida Deputado Antônio Florêncio de Queiroz, 2995 - Ponta Negra, Natal - RN",Não informado,59m²,2 banheiros     ,1 suíte,1 vaga,R$ 480.000
"Casa com 3 Quartos e 2 banheiros à Venda, 161 m² por R$ 123.000","Potengi, Natal - RN",Não informado,161m²,2 banheiros     ,1 suíte,1 vaga,R$ 123.000
"Apartamento com 3 Quartos e 1 banheiro à Venda, 136 m² por R$ 850.000","Rua Açu - Tirol, Natal - RN",R$ 1.085,136m²,1 banheiro     ,2 suítes,2 vagas,R$ 850.000
"Apartamento com 3 Quartos e 4 banheiros à Venda, 160 m² por R$ 1.090.000","Avenida Nascimento de Castro, 2455 - Lagoa Nova, Natal - RN",R$ 750,160m²,4 banheiros     ,3 suítes,3 vagas,R$ 1.090.000
"Cobertura com 3 Quartos e 3 banheiros à Venda, 185 m² por R$ 550.000","Pitimbu, Natal - RN",R$ 887,185m²,3 banheiros     ,1 suíte,2 vagas,R$ 550.000
"Casa com 4 Quartos e 6 banheiros à Venda, 316 m² por R$ 560.000","Travessa São Cristóvão, 1675 - Lagoa Nova, Natal - RN",,316m²,6 banheiros     ,4 suítes,5 vagas,R$ 560.000
"Apartamento com 3 Quartos e 3 banheiros à Venda, 94 m² por R$ 470.000","Lagoa Nova, Natal - RN",R$ 840,94m²,3 banheiros     ,1 suíte,2 vagas,R$ 470.000
"Apartamento com 3 Quartos e 3 banheiros à Venda, 140 m² por R$ 250.000","Rua Industrial João Motta - Capim Macio, Natal - RN",R$ 500,140m²,3 banheiros     ,1 suíte,2 vagas,R$ 250.000
"Apartamento com 3 Quartos e 2 banheiros à Venda, 76 m² por R$ 285.000","Rua Adauto Câmara, 1298 - Barro Vermelho, Natal - RN",R$ 650,76m²,2 banheiros     ,1 suíte,1 vaga,R$ 285.000
"Apartamento com 2 Quartos e 2 banheiros à Venda, 71 m² por R$ 150.000","Rua Marcos Augusto Teixeira de Carvalho Filho, 2815 - Planalto, Natal - RN",R$ 245,71m²,2 banheiros     ,1 suíte,1 vaga,R$ 150.000
"Apartamento com 1 Quarto e 1 banheiro à Venda, 60 m² por R$ 200.000","Rua Potengi, 521 - Petrópolis, Natal - RN",Não informado,60m²,1 banheiro     ,1 suíte,1 vaga,R$ 200.000
"Casa com 2 Quartos e 2 banheiros à Venda, 80 m² por R$ 185.000","Rua Manoel Congo - Ponta Negra, Natal - RN",Não informado,80m²,2 banheiros,,1 vaga,R$ 185.000
"Apartamento com 4 Quartos e 4 banheiros à Venda, 164 m² por R$ 1.400.000","Rua Antídio de Azevedo - Lagoa Nova, Natal - RN",R$ 900,164m²,4 banheiros,,3 vagas,R$ 1.400.000
"Apartamento com 2 Quartos e 2 banheiros à Venda, 70 m² por R$ 150.000","Avenida dos Ipês - Capim Macio, Natal - RN",R$ 150,70m²,2 banheiros,,Não informado Solicitar,R$ 150.000
"Casa com 5 Quartos e 5 banheiros à Venda, 380 m² por R$ 2.800.000","Ponta Negra, Natal - RN",,380m²,5 banheiros     ,4 suítes,8 vagas,R$ 2.800.000
"Casa de Condomínio com 5 Quartos e 7 banheiros à Venda, 420 m² por R$ 4.000.000","Rua Doutor Múcio Villar Ribeiro Dantas - Ponta Negra, Natal - RN",R$ 874,420m²,7 banheiros     ,5 suítes,3 vagas,R$ 4.000.000
"Casa com 3 Quartos e 4 banheiros à Venda, 212 m² por R$ 650.000","Rua Historiador Francisco Fausto de Souza, 600 - Capim Macio, Natal - RN",,212m²,4 banheiros     ,3 suítes,4 vagas,R$ 650.000
"Apartamento com 3 Quartos e 1 banheiro à Venda, 300 m² por R$ 800.000","Rua Desembargador Dionísio Filgueira, 797 - Petrópolis, Natal - RN",Não informado,300m²,1 banheiro     ,3 suítes,3 vagas,R$ 800.000
"Apartamento com 3 Quartos e 2 banheiros à Venda, 88 m² por R$ 559.498","Rua Almirante Tértius Rebelo, 100 - Lagoa Nova, Natal - RN",Não informado,88m²,2 banheiros     ,1 suíte,2 vagas,R$ 559.498
"Apartamento com 2 Quartos e 2 banheiros à Venda, 55 m² por R$ 270.000","Avenida dos Caiapós, 121 - Pitimbu, Natal - RN",R$ 320,55m²,2 banheiros     ,1 suíte,1 vaga,R$ 270.000
"Casa com 3 Quartos e 3 banheiros à Venda, 190 m² por R$ 600.000","Lagoa Nova, Natal - RN",,190m²,3 banheiros     ,3 suítes,2 vagas,R$ 600.000
"Apartamento com 3 Quartos e 5 banheiros à Venda, 204 m² por R$ 800.000","Tirol, Natal - RN",R$ 1.300,204m²,5 banheiros     ,3 suítes,2 vagas,R$ 800.000
"Apartamento com 2 Quartos e 1 banheiro à Venda, 49 m² por R$ 115.000","Avenida dos Caiapós, 1004 - Pitimbu, Natal - RN",R$ 250,49m²,1 banheiro,,1 vaga,R$ 115.000
"Apartamento com 3 Quartos e 4 banheiros à Venda, 127 m² por R$ 810.000","Rua Padre João Damasceno, 1492 - Lagoa Nova, Natal - RN",R$ 600,127m²,4 banheiros     ,3 suítes,2 vagas,R$ 810.000
"Apartamento com 3 Quartos e 2 banheiros à Venda, 70 m² por R$ 165.000","Rua Coronel Auris Coelho, 970 - Lagoa Nova, Natal - RN",R$ 430,70m²,2 banheiros,,2 vagas,R$ 165.000
"Casa com 2 Quartos e 1 banheiro à Venda, 50 m² por R$ 79.900","Rua Teotônio Freire, 22 - Ribeira, Natal - RN",,50m²,1 banheiro,,Não informado Solicitar,R$ 79.900
"Apartamento com 3 Quartos e 2 banheiros à Venda, 98 m² por R$ 598.000","Rua Desembargador Túlio Bezerra de Melo - Candelária, Natal - RN",R$ 450,98m²,2 banheiros     ,1 suíte,2 vagas,R$ 598.000
"Apartamento com 2 Quartos e 2 banheiros à Venda, 57 m² por R$ 265.000","Rua das Perdizes, 7979 - Pitimbu, Natal - RN",R$ 420,57m²,2 banheiros     ,1 suíte,1 vaga,R$ 265.000
"Apartamento com 3 Quartos e 3 banheiros à Venda, 119 m² por R$ 800.000","Lagoa Nova, Natal - RN",Não informado,119m²,3 banheiros     ,3 suítes,2 vagas,R$ 800.000
"Apartamento com 3 Quartos e 2 banheiros à Venda, 140 m² por R$ 890.000","Rua Meira Brandão, 646 - Barro Vermelho, Natal - RN",R$ 1.022,140m²,2 banheiros     ,3 suítes,2 vagas,R$ 890.000
"Apartamento com 3 Quartos e 3 banheiros à Venda, 105 m² por R$ 762.000","Rua Capitão Abdon Nunes - Tirol, Natal - RN",R$ 921,105m²,3 banheiros     ,1 suíte,2 vagas,R$ 762.000
"Casa de Condomínio com 2 Quartos e 3 banheiros à Venda, 97 m² por R$ 438.300","Rua da Campina, 86 - Ponta Negra, Natal - RN",Não informado,97m²,3 banheiros     ,2 suítes,1 vaga,R$ 438.300
"Apartamento com 2 Quartos e 1 banheiro à Venda, 52 m² por R$ 289.000","Avenida Deputado Antônio Florêncio de Queiroz - Ponta Negra, Natal - RN",R$ 290,52m²,1 banheiro,,1 vaga,R$ 289.000
"Casa com 3 Quartos e 4 banheiros à Venda, 114 m² por R$ 699.500","Avenida Deputado Gastão Mariz de Faria, 415 - Ponta Negra, Natal - RN",R$ 430,114m²,4 banheiros     ,3 suítes,2 vagas,R$ 699.500
"Apartamento com 2 Quartos e 1 banheiro à Venda, 47 m² por R$ 100.000","Rua Mira Mangue, 1041 - Planalto, Natal - RN",Não informado,47m²,1 banheiro,,1 vaga,R$ 100.000
"Apartamento com 3 Quartos e 2 banheiros à Venda, 74 m² por R$ 220.000","Rua Júlio Gomes Moreira, 1296 - Barro Vermelho, Natal - RN",R$ 605,74m²,2 banheiros     ,1 suíte,1 vaga,R$ 220.000
"Lote/Terreno à Venda, 650 m² por R$ 620.000","Rua Júlio César de Andrade, 75 - Ponta Negra, Natal - RN",Não informado,650m²,Não informado Solicitar,,Não informado Solicitar,R$ 620.000
"Apartamento com 3 Quartos e 5 banheiros à Venda, 176 m² por R$ 980.000","Rua Desembargador Túlio Bezerra de Melo - Candelária, Natal - RN",R$ 1.300,176m²,5 banheiros,,Não informado Solicitar,R$ 980.000
"Apartamento com 3 Quartos e 2 banheiros à Venda, 79 m² por R$ 195.000","Rua Alcindo Dias de Oliveira, 123 - Capim Macio, Natal - RN",Não informado,79m²,2 banheiros     ,1 suíte,1 vaga,R$ 195.000
"Apartamento com 3 Quartos e 3 banheiros à Venda, 75 m² por R$ 490.000","Rua Jornalista Francisco Sinedino, 535 - Lagoa Nova, Natal - RN",R$ 480,75m²,3 banheiros     ,1 suíte,2 vagas,R$ 490.000
"Apartamento com 3 Quartos e 4 banheiros à Venda, 145 m² por R$ 1.450.000","Tirol, Natal - RN",R$ 1.008,145m²,4 banheiros     ,3 suítes,3 vagas,R$ 1.450.000
"Apartamento com 4 Quartos e 3 banheiros à Venda, 117 m² por R$ 395.000","Avenida Amintas Barros, 53 - Lagoa Nova, Natal - RN",R$ 1.020,117m²,3 banheiros     ,2 suítes,2 vagas,R$ 395.000
"Apartamento com 4 Quartos e 4 banheiros à Venda, 450 m² por R$ 2.950.000","Avenida Presidente Getúlio Vargas - Petrópolis, Natal - RN",R$ 3.325,450m²,4 banheiros     ,3 suítes,4 vagas,R$ 2.950.000
"Prédio Comercial à Venda, 600 m² por R$ 820.000","Avenida Rio Branco, 0 - Cidade Alta, Natal - RN",Não informado,600m²,Não informado Solicitar,,Não informado Solicitar,R$ 820.000
"Casa de Condomínio com 3 Quartos e 2 banheiros à Venda, 96 m² por R$ 480.000","Travessa Ayrton Senna, 1440 - Capim Macio, Natal - RN",Não informado,96m²,2 banheiros     ,1 suíte,2 vagas,R$ 480.000
"Casa com 5 Quartos e 4 banheiros à Venda, 360 m² por R$ 499.000","Rua Desembargador Sinval Moreira Dias, 1892 - Lagoa Nova, Natal - RN",Não informado,360m²,4 banheiros     ,4 suítes,3 vagas,R$ 499.000
"Apartamento com 2 Quartos e 2 banheiros à Venda, 53 m² por R$ 97.000","Rua Jardim do Éden, 268 - Planalto, Natal - RN",R$ 245,53m²,2 banheiros     ,1 suíte,1 vaga,R$ 97.000
"Casa de Condomínio com 4 Quartos e 6 banheiros à Venda, 408 m² por R$ 1.600.000","Rua Júlio César de Andrade, 300 - Ponta Negra, Natal - RN",R$ 1.094,408m²,6 banheiros     ,4 suítes,8 vagas,R$ 1.600.000
"Apartamento com 2 Quartos e 2 banheiros à Venda, 56 m² por R$ 500.000","Avenida Engenheiro Roberto Freire, 4896 - Ponta Negra, Natal - RN",R$ 540,56m²,2 banheiros     ,1 suíte,1 vaga,R$ 500.000
"Flat com 1 Quarto e 1 banheiro à Venda, 42 m² por R$ 200.000","Ponta Negra, Natal - RN",R$ 300,42m²,1 banheiro,,1 vaga,R$ 200.000
"Apartamento com 4 Quartos e 5 banheiros à Venda, 449 m² por R$ 3.200.000","Avenida Presidente Getúlio Vargas, 766 - Petrópolis, Natal - RN",R$ 2.500,449m²,5 banheiros     ,4 suítes,4 vagas,R$ 3.200.000
"Apartamento com 3 Quartos e 2 banheiros à Venda, 75 m² por R$ 349.900","Rua Amaro Mesquita, 1670 - Lagoa Nova, Natal - RN",R$ 450,75m²,2 banheiros     ,1 suíte,1 vaga,R$ 349.900
"Casa com 5 Quartos e 5 banheiros à Venda, 360 m² por R$ 1.950.000","Rua dos Potiguares, 0 - Dix-sept Rosado, Natal - RN",R$ 730,360m²,5 banheiros     ,4 suítes,2 vagas,R$ 1.950.000
"Apartamento com 2 Quartos e 2 banheiros à Venda, 56 m² por R$ 279.000","Rua Desembargador José Gomes da Costa, 1884 - Capim Macio, Natal - RN",Não informado,56m²,2 banheiros     ,1 suíte,2 vagas,R$ 279.000
